job_id,job_title,industry,country,company_size,education_level,experience_years,remote_ratio,green_certification,sustainability_score,carbon_offset_days,salary_usd,experience_band,salary_per_experience_year,green_engagement_score
1,Sustainability Analyst,Energy,Brazil,Small,Diploma,1.0,100.0,Yes,81.1,7.35,43162.0,0-2,21581.0,57.35
2,Green Building Architect,Technology,Australia,Medium,Diploma,16.0,0.0,No,44.9,1.6,114089.0,11-20,6711.117647058823,1.6
3,Wind Turbine Technician,Government,Canada,Small,Diploma,8.0,100.0,No,5.2,10.6,83397.0,6-10,9266.333333333334,10.6
4,Environmental Compliance Officer,Government,Kenya,Medium,Masters,5.0,50.0,No,24.7,4.7,30507.0,3-5,5084.5,4.7
5,Environmental Compliance Officer,Manufacturing,Germany,Medium,Bachelors,0.0,0.0,Yes,88.4,8.5,85303.0,0-2,85303.0,58.5
6,Climate Data Scientist,Finance,Kenya,Small,Masters,23.0,100.0,Yes,52.0,6.6,42857.0,20+,1785.7083333333333,56.6
7,Sustainability Analyst,Finance,Brazil,Medium,Masters,21.0,0.0,No,60.4,17.6,69565.0,20+,3162.0454545454545,17.6
8,Wind Turbine Technician,Manufacturing,Canada,Large,Masters,21.0,0.0,No,92.9,8.149999999999999,131501.0,20+,5977.318181818182,8.149999999999999
9,ESG Consultant,Manufacturing,Australia,Small,Bachelors,1.0,0.0,No,85.3,8.2,80091.0,0-2,40045.5,8.2
10,Sustainability Analyst,Manufacturing,Canada,Medium,PhD,9.0,50.0,No,60.5,8.3,95585.0,6-10,9558.5,8.3
11,Solar Installation Technician,Government,India,Large,Diploma,25.0,0.0,No,54.1,6.1,51064.0,20+,1964.0,6.1
12,CSR Manager,Agriculture,Brazil,Small,Bachelors,15.0,0.0,No,57.4,13.5,60231.0,11-20,3764.4375,13.5
13,Green Building Architect,Agriculture,Germany,Small,Bachelors,3.0,0.0,Yes,64.5,6.4,87672.0,3-5,21918.0,56.4
14,Green Building Architect,Agriculture,India,Small,PhD,3.0,0.0,Yes,92.0,5.9,37475.0,3-5,9368.75,55.9
15,Green Building Architect,Government,Canada,Large,Bachelors,15.0,0.0,Yes,68.4,12.9,77477.0,11-20,4842.3125,62.9
16,Green Building Architect,Energy,Brazil,Small,Masters,25.0,50.0,No,74.5,5.3,70844.0,20+,2724.769230769231,5.3
17,Solar Installation Technician,Government,UK,Small,Bachelors,4.0,0.0,Yes,83.4,7.8,88844.0,3-5,17768.8,57.8
18,Renewable Energy Engineer,Energy,UK,Small,PhD,23.0,0.0,Yes,36.6,0.1,130713.0,20+,5446.375,50.1
19,Climate Data Scientist,Finance,USA,Small,Bachelors,17.0,50.0,No,75.1,11.5,159790.0,11-20,8877.222222222223,11.5
20,Environmental Compliance Officer,Technology,USA,Medium,Bachelors,23.0,0.0,Yes,54.1,7.35,155603.0,20+,6483.458333333333,57.35
21,Solar Installation Technician,Construction,USA,Small,PhD,21.0,50.0,Yes,9.7,11.6,147053.0,20+,6684.227272727273,61.6
22,Carbon Accountant,Manufacturing,USA,Medium,Bachelors,8.0,0.0,No,17.4,15.3,107697.0,6-10,11966.333333333334,15.3
23,Renewable Energy Engineer,Manufacturing,Brazil,Medium,Bachelors,21.0,0.0,Yes,39.6,3.8,56064.0,20+,2548.3636363636365,53.8
24,CSR Manager,Agriculture,Brazil,Large,Bachelors,14.0,0.0,No,70.6,9.2,42302.0,11-20,2820.133333333333,9.2
25,Green Building Architect,Construction,Brazil,Small,Diploma,7.0,0.0,No,62.3,3.3,48799.0,6-10,6099.875,3.3
26,Wind Turbine Technician,Construction,USA,Large,Bachelors,5.0,0.0,Yes,63.7,7.35,102791.0,3-5,17131.833333333332,57.35
27,Environmental Compliance Officer,Government,USA,Medium,Bachelors,3.0,100.0,No,99.0,11.9,99459.0,3-5,24864.75,11.9
28,Climate Data Scientist,Manufacturing,India,Small,Diploma,2.0,0.0,No,34.6,8.5,30544.0,0-2,10181.333333333334,8.5
29,Solar Installation Technician,Government,Canada,Large,Masters,4.0,50.0,No,59.5,0.9,95741.0,3-5,19148.2,0.9
30,Environmental Compliance Officer,Government,India,Large,Bachelors,3.0,50.0,No,66.1,1.4,32734.0,3-5,8183.5,1.4
31,Environmental Compliance Officer,Technology,UK,Small,Bachelors,9.0,0.0,No,45.3,1.1,93176.0,6-10,9317.6,1.1
32,ESG Consultant,Manufacturing,Germany,Large,Bachelors,1.0,50.0,No,60.6,10.5,83070.0,0-2,41535.0,10.5
33,Sustainability Analyst,Manufacturing,Australia,Medium,Bachelors,1.0,0.0,No,28.0,8.149999999999999,70109.0,0-2,35054.5,8.149999999999999
34,Solar Installation Technician,Manufacturing,India,Medium,Masters,25.0,0.0,Yes,88.2,14.8,50246.0,20+,1932.5384615384614,64.8
35,Climate Data Scientist,Technology,USA,Large,PhD,2.0,0.0,No,46.4,0.0,96072.0,0-2,32024.0,0.0
36,Sustainability Analyst,Manufacturing,Australia,Medium,PhD,1.0,0.0,No,100.0,15.1,87441.0,0-2,43720.5,15.1
37,Climate Data Scientist,Finance,Kenya,Large,Bachelors,0.0,50.0,No,59.4,12.7,22792.0,0-2,22792.0,12.7
38,Climate Data Scientist,Energy,USA,Medium,Bachelors,3.0,0.0,Yes,80.6,0.3,90857.0,3-5,22714.25,50.3
39,ESG Consultant,Finance,UK,Large,Bachelors,13.0,50.0,Yes,58.9,6.5,111303.0,11-20,7950.214285714285,56.5
40,Wind Turbine Technician,Energy,Brazil,Medium,Bachelors,21.0,50.0,No,59.4,13.5,64755.0,20+,2943.409090909091,13.5
41,Renewable Energy Engineer,Technology,Australia,Small,Bachelors,19.0,0.0,No,48.3,10.8,132001.0,11-20,6600.05,10.8
42,Green Building Architect,Energy,Brazil,Medium,Masters,15.0,50.0,No,62.4,1.5,56363.0,11-20,3522.6875,1.5
43,Green Building Architect,Manufacturing,UK,Medium,Bachelors,2.0,50.0,Yes,66.4,11.1,84859.0,0-2,28286.333333333332,61.1
44,Carbon Accountant,Manufacturing,India,Small,Bachelors,20.0,100.0,Yes,44.3,0.0,45357.0,11-20,2159.8571428571427,50.0
45,Sustainability Analyst,Agriculture,Australia,Small,Bachelors,0.0,100.0,No,57.5,6.9,74335.0,0-2,74335.0,6.9
46,CSR Manager,Energy,Germany,Medium,Bachelors,16.0,0.0,Yes,47.8,13.7,124662.0,11-20,7333.058823529412,63.7
47,Environmental Compliance Officer,Finance,Germany,Small,Diploma,10.0,0.0,No,100.0,8.1,113392.0,6-10,10308.363636363636,8.1
48,Climate Data Scientist,Technology,Canada,Small,Bachelors,22.0,50.0,Yes,58.2,5.5,125526.0,20+,5457.652173913043,55.5
49,Wind Turbine Technician,Finance,Australia,Large,Masters,12.0,0.0,Yes,90.9,12.4,101172.0,11-20,7782.461538461538,62.4
50,Green Building Architect,Technology,USA,Large,Bachelors,16.0,0.0,Yes,56.1,12.9,135183.0,11-20,7951.941176470588,62.9
51,Green Building Architect,Agriculture,Canada,Large,Bachelors,11.0,100.0,No,65.2,14.6,92418.0,11-20,7701.5,14.6
52,Renewable Energy Engineer,Construction,India,Medium,Bachelors,13.0,0.0,No,33.6,12.4,88048.0,11-20,6289.142857142857,12.4
53,Carbon Accountant,Agriculture,Canada,Large,Masters,24.0,0.0,No,60.4,13.4,128520.0,20+,5140.8,13.4
54,Environmental Compliance Officer,Construction,Kenya,Medium,Bachelors,18.0,100.0,No,64.2,11.7,36246.0,11-20,1907.6842105263158,11.7
55,Environmental Compliance Officer,Government,USA,Small,Masters,10.0,0.0,Yes,91.7,9.3,131097.0,6-10,11917.90909090909,59.3
56,Sustainability Analyst,Finance,Kenya,Small,PhD,11.0,0.0,No,64.4,8.4,37558.0,11-20,3129.8333333333335,8.4
57,Solar Installation Technician,Agriculture,UK,Medium,Bachelors,18.0,100.0,Yes,87.7,6.8,118443.0,11-20,6233.8421052631575,56.8
58,Renewable Energy Engineer,Government,Brazil,Small,Masters,8.0,0.0,Yes,72.8,1.9,51280.0,6-10,5697.777777777777,51.9
59,Green Building Architect,Agriculture,UK,Medium,Diploma,4.0,0.0,No,92.5,3.2,81890.0,3-5,16378.0,3.2
60,Wind Turbine Technician,Agriculture,India,Large,PhD,12.0,0.0,Yes,58.8,6.6,40731.0,11-20,3133.153846153846,56.6
61,CSR Manager,Finance,Brazil,Small,Bachelors,1.0,100.0,No,100.0,9.2,39742.0,0-2,19871.0,9.2
62,Green Building Architect,Energy,Australia,Small,PhD,4.0,0.0,No,50.3,8.149999999999999,95312.0,3-5,19062.4,8.149999999999999
63,Carbon Accountant,Finance,Germany,Large,Bachelors,12.5,50.0,No,44.7,7.8,100615.0,11-20,7452.962962962963,7.8
64,CSR Manager,Manufacturing,Australia,Medium,Diploma,20.0,0.0,No,35.8,13.0,126628.0,11-20,6029.9047619047615,13.0
65,Environmental Compliance Officer,Government,Brazil,Small,Diploma,20.0,0.0,No,100.0,13.4,62962.0,11-20,2998.190476190476,13.4
66,Carbon Accountant,Manufacturing,UK,Large,Masters,6.0,100.0,Yes,76.4,6.8,94237.0,6-10,13462.42857142857,56.8
67,CSR Manager,Manufacturing,Kenya,Large,Bachelors,10.0,50.0,Yes,53.3,11.0,29777.0,6-10,2707.0,61.0
68,Carbon Accountant,Manufacturing,Australia,Medium,Diploma,12.5,100.0,Yes,85.0,6.8,86976.0,11-20,6442.666666666667,56.8
69,Sustainability Analyst,Technology,India,Medium,Masters,19.0,0.0,No,73.8,14.6,48811.0,11-20,2440.55,14.6
70,Environmental Compliance Officer,Finance,USA,Small,Masters,6.0,50.0,No,99.3,11.2,119543.0,6-10,17077.571428571428,11.2
71,Green Building Architect,Government,Australia,Small,Bachelors,15.0,100.0,Yes,29.0,2.0,135424.0,11-20,8464.0,52.0
72,Renewable Energy Engineer,Construction,Germany,Medium,Bachelors,21.0,0.0,No,54.7,8.149999999999999,142994.0,20+,6499.727272727273,8.149999999999999
73,Environmental Compliance Officer,Manufacturing,Brazil,Small,Diploma,17.0,0.0,No,50.7,16.2,55874.0,11-20,3104.1111111111113,16.2
74,Renewable Energy Engineer,Energy,Canada,Medium,Masters,8.0,100.0,No,20.5,7.1,88359.0,6-10,9817.666666666666,7.1
75,Wind Turbine Technician,Energy,UK,Large,Bachelors,24.0,0.0,No,81.2,10.2,142518.0,20+,5700.72,10.2
76,Environmental Compliance Officer,Construction,Germany,Small,Masters,17.0,50.0,No,54.6,10.7,119742.0,11-20,6652.333333333333,10.7
77,Carbon Accountant,Government,Australia,Medium,Bachelors,16.0,100.0,No,60.4,2.8,125591.0,11-20,7387.705882352941,2.8
78,ESG Consultant,Finance,Germany,Small,Bachelors,22.0,0.0,No,100.0,10.6,143485.0,20+,6238.478260869565,10.6
79,Solar Installation Technician,Government,UK,Large,Bachelors,22.0,0.0,Yes,52.9,1.0,132535.0,20+,5762.391304347826,51.0
80,Wind Turbine Technician,Energy,Brazil,Small,Bachelors,2.0,0.0,No,51.6,4.9,42303.0,0-2,14101.0,4.9
81,CSR Manager,Energy,Kenya,Medium,Masters,22.0,0.0,Yes,62.4,13.4,46279.0,20+,2012.1304347826087,63.4
82,Environmental Compliance Officer,Agriculture,Kenya,Medium,Bachelors,19.0,0.0,No,79.7,9.8,40386.0,11-20,2019.3,9.8
83,Renewable Energy Engineer,Energy,Kenya,Medium,Bachelors,5.0,50.0,Yes,48.7,6.5,27708.0,3-5,4618.0,56.5
84,Climate Data Scientist,Energy,Canada,Medium,PhD,7.0,0.0,Yes,47.4,7.35,104097.0,6-10,13012.125,57.35
85,Wind Turbine Technician,Construction,Germany,Large,PhD,19.0,50.0,Yes,81.1,7.7,146668.0,11-20,7333.4,57.7
86,Green Building Architect,Government,Brazil,Medium,Masters,5.0,0.0,No,67.6,8.149999999999999,45752.0,3-5,7625.333333333333,8.149999999999999
87,Sustainability Analyst,Technology,Brazil,Large,Bachelors,11.0,0.0,Yes,60.599999999999994,11.3,49898.0,11-20,4158.166666666667,61.3
88,Carbon Accountant,Energy,Kenya,Large,Bachelors,17.0,0.0,Yes,35.5,4.4,37461.0,11-20,2081.1666666666665,54.4
89,Green Building Architect,Agriculture,Australia,Medium,Masters,16.0,50.0,No,90.0,8.2,125588.0,11-20,7387.529411764706,8.2
90,Climate Data Scientist,Agriculture,Germany,Medium,Bachelors,23.0,0.0,No,68.0,6.4,130663.0,20+,5444.291666666667,6.4
91,Environmental Compliance Officer,Agriculture,Canada,Small,Diploma,13.0,0.0,No,44.8,0.1,63495.0,11-20,4535.357142857143,0.1
92,Climate Data Scientist,Government,UK,Large,Masters,7.0,100.0,No,56.6,8.149999999999999,92474.0,6-10,11559.25,8.149999999999999
93,Climate Data Scientist,Manufacturing,Brazil,Medium,Bachelors,25.0,50.0,No,60.3,15.8,65696.0,20+,2526.769230769231,15.8
94,Carbon Accountant,Government,UK,Medium,Bachelors,14.0,0.0,Yes,74.7,9.9,108791.0,11-20,7252.733333333334,59.9
95,Climate Data Scientist,Construction,India,Small,PhD,6.0,100.0,Yes,32.8,1.4,35658.0,6-10,5094.0,51.4
96,ESG Consultant,Agriculture,USA,Large,Masters,7.0,0.0,No,43.2,0.3,112802.0,6-10,14100.25,0.3
97,ESG Consultant,Technology,Brazil,Medium,Bachelors,8.0,0.0,Yes,65.5,7.4,49301.0,6-10,5477.888888888889,57.4
98,Wind Turbine Technician,Agriculture,Brazil,Medium,Bachelors,14.0,0.0,No,58.0,15.8,51378.0,11-20,3425.2,15.8
99,Wind Turbine Technician,Technology,USA,Small,Bachelors,7.0,0.0,No,71.4,8.149999999999999,108418.0,6-10,13552.25,8.149999999999999
100,Renewable Energy Engineer,Technology,UK,Large,Diploma,16.0,0.0,No,35.4,14.5,115414.0,11-20,6789.058823529412,14.5
101,Climate Data Scientist,Technology,UK,Small,Masters,11.0,50.0,No,67.1,9.8,111124.0,11-20,9260.333333333334,9.8
102,Renewable Energy Engineer,Agriculture,UK,Small,Masters,15.0,0.0,No,60.4,10.4,114035.0,11-20,7127.1875,10.4
103,Climate Data Scientist,Agriculture,Kenya,Large,Bachelors,13.0,100.0,No,69.7,1.3,28817.0,11-20,2058.3571428571427,1.3
104,Sustainability Analyst,Energy,Germany,Large,Bachelors,16.0,100.0,No,62.8,12.7,138148.0,11-20,8126.35294117647,12.7
105,Green Building Architect,Agriculture,India,Small,Bachelors,24.0,50.0,Yes,58.1,6.3,49947.0,20+,1997.88,56.3
106,Green Building Architect,Finance,Germany,Medium,Diploma,3.0,50.0,Yes,43.3,12.3,78645.0,3-5,19661.25,62.3
107,Green Building Architect,Construction,Germany,Large,Bachelors,8.0,50.0,No,58.6,3.9,100958.0,6-10,11217.555555555555,3.9
108,Wind Turbine Technician,Finance,Kenya,Large,Bachelors,18.0,100.0,Yes,60.599999999999994,8.9,40102.0,11-20,2110.6315789473683,58.9
109,Environmental Compliance Officer,Government,Kenya,Medium,Masters,16.0,0.0,No,57.6,8.149999999999999,37522.0,11-20,2207.176470588235,8.149999999999999
110,Green Building Architect,Government,USA,Medium,Bachelors,17.0,0.0,Yes,42.2,7.2,136859.0,11-20,7603.277777777777,57.2
111,ESG Consultant,Agriculture,Australia,Large,Masters,14.0,50.0,No,50.2,10.0,104900.0,11-20,6993.333333333333,10.0
112,Green Building Architect,Finance,Germany,Large,Bachelors,17.0,50.0,No,64.0,6.7,119030.0,11-20,6612.777777777777,6.7
113,Solar Installation Technician,Agriculture,Germany,Large,Masters,15.0,0.0,No,52.5,4.8,121445.0,11-20,7590.3125,4.8
114,Environmental Compliance Officer,Construction,India,Medium,Diploma,1.0,50.0,No,69.7,16.0,28129.0,0-2,14064.5,16.0
115,Solar Installation Technician,Technology,Germany,Small,Bachelors,19.0,0.0,Yes,70.5,13.2,125422.0,11-20,6271.1,63.2
116,Solar Installation Technician,Technology,UK,Large,Bachelors,11.0,100.0,No,77.8,4.2,106341.0,11-20,8861.75,4.2
117,Sustainability Analyst,Manufacturing,Kenya,Large,Bachelors,1.0,0.0,Yes,88.5,10.8,27085.0,0-2,13542.5,60.8
118,Renewable Energy Engineer,Manufacturing,Canada,Large,Diploma,10.0,0.0,No,79.9,4.3,103818.0,6-10,9438.0,4.3
119,ESG Consultant,Energy,Australia,Small,Bachelors,11.0,0.0,No,41.3,2.1,99837.0,11-20,8319.75,2.1
120,Renewable Energy Engineer,Energy,UK,Small,Bachelors,2.0,0.0,No,41.9,13.2,81425.0,0-2,27141.666666666668,13.2
121,Environmental Compliance Officer,Finance,USA,Large,Diploma,25.0,0.0,No,58.5,0.0,156937.0,20+,6036.038461538462,0.0
122,Wind Turbine Technician,Finance,USA,Small,PhD,5.0,0.0,No,51.0,12.6,115378.0,3-5,19229.666666666668,12.6
123,Wind Turbine Technician,Manufacturing,India,Large,Bachelors,8.0,0.0,Yes,37.2,6.7,35407.0,6-10,3934.1111111111113,56.7
124,Environmental Compliance Officer,Construction,Germany,Medium,Masters,11.0,0.0,No,51.2,6.9,116770.0,11-20,9730.833333333334,6.9
125,Climate Data Scientist,Technology,Brazil,Large,PhD,21.0,0.0,No,50.5,8.149999999999999,69707.0,20+,3168.5,8.149999999999999
126,Solar Installation Technician,Manufacturing,Brazil,Large,Diploma,14.0,0.0,No,46.6,10.9,62081.0,11-20,4138.733333333334,10.9
127,Sustainability Analyst,Construction,Brazil,Medium,Masters,20.0,0.0,No,53.7,3.9,63719.0,11-20,3034.2380952380954,3.9
128,Green Building Architect,Construction,Australia,Medium,Masters,6.0,0.0,Yes,83.6,11.6,99772.0,6-10,14253.142857142857,61.6
129,Solar Installation Technician,Finance,Canada,Medium,Masters,21.0,0.0,Yes,64.0,7.35,132574.0,20+,6026.090909090909,57.35
130,Wind Turbine Technician,Construction,Australia,Medium,Bachelors,21.0,0.0,Yes,100.0,7.35,129016.0,20+,5864.363636363636,57.35
131,Solar Installation Technician,Agriculture,UK,Medium,Bachelors,12.0,0.0,Yes,63.4,7.2,102561.0,11-20,7889.307692307692,57.2
132,Solar Installation Technician,Construction,Australia,Medium,Diploma,14.0,50.0,No,54.2,14.9,109057.0,11-20,7270.466666666666,14.9
133,Sustainability Analyst,Finance,Brazil,Large,Bachelors,0.0,100.0,No,60.1,16.4,40647.0,0-2,40647.0,16.4
134,Solar Installation Technician,Construction,Brazil,Medium,PhD,19.0,100.0,No,65.1,11.6,62517.0,11-20,3125.85,11.6
135,Green Building Architect,Manufacturing,Canada,Small,PhD,24.0,50.0,No,68.7,2.0,135235.0,20+,5409.4,2.0
136,Carbon Accountant,Technology,USA,Medium,Diploma,12.5,50.0,No,100.0,10.5,128162.0,11-20,9493.481481481482,10.5
137,Wind Turbine Technician,Manufacturing,Australia,Medium,Masters,14.0,0.0,No,43.1,8.149999999999999,97548.0,11-20,6503.2,8.149999999999999
138,Sustainability Analyst,Construction,India,Small,Bachelors,12.0,50.0,Yes,77.2,11.6,38619.0,11-20,2970.6923076923076,61.6
139,Carbon Accountant,Agriculture,Australia,Small,PhD,2.0,50.0,No,64.2,11.9,87296.0,0-2,29098.666666666668,11.9
140,Environmental Compliance Officer,Government,Canada,Medium,Diploma,16.0,100.0,Yes,28.6,9.8,103341.0,11-20,6078.882352941177,59.8
141,CSR Manager,Technology,Kenya,Medium,PhD,18.0,100.0,No,75.4,7.6,44150.0,11-20,2323.684210526316,7.6
142,ESG Consultant,Government,India,Large,Masters,24.0,0.0,No,85.4,5.0,49181.0,20+,1967.24,5.0
143,ESG Consultant,Agriculture,Kenya,Small,Diploma,24.0,50.0,No,42.9,0.0,39533.0,20+,1581.32,0.0
144,Environmental Compliance Officer,Finance,Brazil,Small,Diploma,12.0,100.0,No,59.8,9.7,42819.0,11-20,3293.769230769231,9.7
145,CSR Manager,Agriculture,India,Large,Masters,24.0,0.0,Yes,25.5,8.9,48070.0,20+,1922.8,58.9
146,Climate Data Scientist,Construction,UK,Large,Bachelors,13.0,100.0,No,34.8,10.8,104062.0,11-20,7433.0,10.8
147,Sustainability Analyst,Finance,Canada,Small,Bachelors,16.0,0.0,No,81.0,1.3,109263.0,11-20,6427.235294117647,1.3
148,ESG Consultant,Finance,Brazil,Small,PhD,15.0,100.0,No,50.7,11.2,62662.0,11-20,3916.375,11.2
149,Climate Data Scientist,Government,Australia,Small,Bachelors,25.0,50.0,No,37.8,18.3,139590.0,20+,5368.846153846154,18.3
150,Sustainability Analyst,Agriculture,Brazil,Medium,Bachelors,19.0,0.0,No,64.6,8.4,62161.0,11-20,3108.05,8.4
151,Climate Data Scientist,Finance,India,Medium,Bachelors,3.0,50.0,No,49.6,7.7,29331.0,3-5,7332.75,7.7
152,ESG Consultant,Technology,Canada,Small,Bachelors,1.0,0.0,No,50.6,9.5,78098.0,0-2,39049.0,9.5
153,CSR Manager,Manufacturing,UK,Small,PhD,10.0,50.0,No,74.8,18.2,108963.0,6-10,9905.727272727272,18.2
154,ESG Consultant,Agriculture,Kenya,Medium,Bachelors,13.0,50.0,No,36.8,2.9,31887.0,11-20,2277.6428571428573,2.9
155,Environmental Compliance Officer,Finance,India,Large,Bachelors,17.0,50.0,No,41.9,8.149999999999999,38532.0,11-20,2140.6666666666665,8.149999999999999
156,Wind Turbine Technician,Finance,Canada,Medium,Bachelors,12.0,100.0,No,63.1,8.149999999999999,99040.0,11-20,7618.461538461538,8.149999999999999
157,Renewable Energy Engineer,Agriculture,USA,Medium,PhD,13.0,0.0,Yes,79.4,5.3,145153.0,11-20,10368.07142857143,55.3
158,Solar Installation Technician,Technology,Brazil,Small,Diploma,23.0,0.0,No,84.8,7.8,73912.0,20+,3079.6666666666665,7.8
159,Solar Installation Technician,Energy,UK,Small,Masters,8.0,0.0,Yes,60.599999999999994,14.7,97651.0,6-10,10850.111111111111,64.7
160,Green Building Architect,Construction,India,Small,Masters,12.0,0.0,Yes,78.7,17.0,38581.0,11-20,2967.769230769231,67.0
161,CSR Manager,Manufacturing,Canada,Large,Masters,14.0,0.0,No,44.3,10.2,101017.0,11-20,6734.466666666666,10.2
162,Wind Turbine Technician,Agriculture,UK,Large,PhD,12.0,0.0,Yes,96.5,6.1,122641.0,11-20,9433.923076923076,56.1
163,Environmental Compliance Officer,Energy,Brazil,Large,Masters,25.0,0.0,Yes,37.3,20.5,63849.0,20+,2455.730769230769,70.5
164,Environmental Compliance Officer,Manufacturing,Canada,Large,PhD,25.0,0.0,Yes,60.599999999999994,5.9,145839.0,20+,5609.192307692308,55.9
165,Environmental Compliance Officer,Technology,Canada,Large,Diploma,13.0,100.0,No,46.9,8.149999999999999,106138.0,11-20,7581.285714285715,8.149999999999999
166,Climate Data Scientist,Technology,USA,Large,Masters,11.0,0.0,No,100.0,0.0,137823.0,11-20,11485.25,0.0
167,Carbon Accountant,Finance,USA,Small,Bachelors,15.0,100.0,No,71.8,15.0,133247.0,11-20,8327.9375,15.0
168,Renewable Energy Engineer,Government,UK,Small,Bachelors,4.0,0.0,Yes,39.7,12.8,87069.0,3-5,17413.8,62.8
169,Carbon Accountant,Government,Kenya,Medium,Masters,11.0,0.0,No,49.6,20.1,34012.0,11-20,2834.3333333333335,20.1
170,Sustainability Analyst,Energy,Kenya,Medium,PhD,5.0,50.0,No,75.6,1.1,70109.0,3-5,11684.833333333334,1.1
171,Renewable Energy Engineer,Government,Australia,Small,Masters,3.0,0.0,No,81.1,15.3,101898.0,3-5,25474.5,15.3
172,Sustainability Analyst,Technology,Australia,Large,Bachelors,2.0,0.0,No,58.6,8.4,80874.0,0-2,26958.0,8.4
173,Green Building Architect,Technology,UK,Medium,Bachelors,15.0,50.0,Yes,60.9,7.35,118759.0,11-20,7422.4375,57.35
174,Green Building Architect,Energy,Germany,Medium,Bachelors,0.0,0.0,No,75.2,0.0,66139.0,0-2,66139.0,0.0
175,Wind Turbine Technician,Technology,USA,Small,Bachelors,12.0,0.0,No,62.6,8.149999999999999,146342.0,11-20,11257.076923076924,8.149999999999999
176,Environmental Compliance Officer,Agriculture,India,Small,Bachelors,11.0,50.0,No,34.1,11.9,39722.0,11-20,3310.1666666666665,11.9
177,Green Building Architect,Technology,India,Small,Diploma,15.0,0.0,No,43.7,7.8,34069.0,11-20,2129.3125,7.8
178,Renewable Energy Engineer,Energy,Germany,Large,Diploma,20.0,100.0,No,64.7,11.2,134627.0,11-20,6410.809523809524,11.2
179,CSR Manager,Finance,India,Medium,Masters,14.0,0.0,No,60.4,4.2,44107.0,11-20,2940.4666666666667,4.2
180,Solar Installation Technician,Government,USA,Large,Bachelors,19.0,100.0,Yes,92.3,5.1,147185.0,11-20,7359.25,55.1
181,CSR Manager,Agriculture,Canada,Small,PhD,18.0,50.0,No,75.6,5.7,126162.0,11-20,6640.105263157895,5.7
182,Renewable Energy Engineer,Energy,Kenya,Medium,Masters,0.0,100.0,No,65.7,0.0,24161.0,0-2,24161.0,0.0
183,Environmental Compliance Officer,Government,Australia,Medium,Diploma,5.0,100.0,Yes,75.0,12.3,84807.0,3-5,14134.5,62.3
184,Wind Turbine Technician,Government,UK,Large,Bachelors,14.0,0.0,No,46.7,14.0,118102.0,11-20,7873.466666666666,14.0
185,Environmental Compliance Officer,Manufacturing,UK,Large,Bachelors,25.0,50.0,Yes,56.9,4.5,145064.0,20+,5579.384615384615,54.5
186,Environmental Compliance Officer,Agriculture,India,Small,PhD,4.0,0.0,No,43.5,9.7,31193.0,3-5,6238.6,9.7
187,Renewable Energy Engineer,Construction,Germany,Large,Bachelors,2.0,100.0,Yes,35.0,6.7,78658.0,0-2,26219.333333333332,56.7
188,Carbon Accountant,Technology,Canada,Small,Bachelors,24.0,50.0,No,66.7,9.6,125087.0,20+,5003.48,9.6
189,ESG Consultant,Finance,Canada,Large,PhD,25.0,0.0,Yes,63.7,4.9,144102.0,20+,5542.384615384615,54.9
190,Carbon Accountant,Agriculture,USA,Small,PhD,4.0,100.0,No,73.8,3.6,103813.0,3-5,20762.6,3.6
191,Wind Turbine Technician,Government,UK,Small,Bachelors,10.0,0.0,No,60.4,13.3,104333.0,6-10,9484.818181818182,13.3
192,Wind Turbine Technician,Agriculture,India,Large,Diploma,16.0,50.0,Yes,64.9,7.7,43768.0,11-20,2574.5882352941176,57.7
193,Wind Turbine Technician,Government,Germany,Small,Bachelors,5.0,50.0,No,71.1,18.1,93383.0,3-5,15563.833333333334,18.1
194,Carbon Accountant,Government,Australia,Medium,Diploma,8.0,0.0,No,59.1,8.2,100653.0,6-10,11183.666666666666,8.2
195,CSR Manager,Energy,Canada,Medium,Bachelors,10.0,50.0,No,68.3,3.4,95939.0,6-10,8721.727272727272,3.4
196,Sustainability Analyst,Manufacturing,Australia,Small,Bachelors,16.0,100.0,Yes,45.5,14.1,70109.0,11-20,4124.058823529412,64.1
197,Carbon Accountant,Agriculture,Australia,Large,PhD,8.0,0.0,No,67.4,11.2,99027.0,6-10,11003.0,11.2
198,Renewable Energy Engineer,Technology,Kenya,Large,Bachelors,10.0,50.0,Yes,73.4,11.6,35389.0,6-10,3217.181818181818,61.6
199,Carbon Accountant,Energy,Brazil,Large,Masters,7.0,0.0,Yes,46.6,14.0,45976.0,6-10,5747.0,64.0
200,CSR Manager,Energy,Canada,Medium,Bachelors,14.0,50.0,No,61.0,4.7,119930.0,11-20,7995.333333333333,4.7
201,Carbon Accountant,Finance,Kenya,Medium,Masters,3.0,0.0,No,47.5,7.4,27255.0,3-5,6813.75,7.4
202,CSR Manager,Technology,UK,Small,Masters,14.0,100.0,No,49.5,7.1,91026.0,11-20,6068.4,7.1
203,Environmental Compliance Officer,Manufacturing,Kenya,Small,Masters,6.0,100.0,Yes,37.5,1.5,27736.0,6-10,3962.285714285714,51.5
204,Wind Turbine Technician,Manufacturing,Brazil,Small,PhD,23.0,0.0,No,85.3,6.7,75533.0,20+,3147.2083333333335,6.7
205,Environmental Compliance Officer,Energy,Australia,Large,Bachelors,24.0,0.0,No,81.3,14.7,140763.0,20+,5630.52,14.7
206,ESG Consultant,Finance,Kenya,Large,Diploma,13.0,50.0,No,60.4,9.2,32543.0,11-20,2324.5,9.2
207,Green Building Architect,Energy,Canada,Large,Bachelors,4.0,50.0,No,99.4,1.3,91098.0,3-5,18219.6,1.3
208,CSR Manager,Technology,Australia,Medium,Bachelors,19.0,0.0,Yes,56.2,0.2,121734.0,11-20,6086.7,50.2
209,ESG Consultant,Finance,India,Medium,PhD,12.0,0.0,Yes,100.0,16.3,51250.0,11-20,3942.3076923076924,66.3
210,Green Building Architect,Finance,Kenya,Medium,Bachelors,22.0,0.0,No,55.4,7.5,41916.0,20+,1822.4347826086957,7.5
211,ESG Consultant,Technology,Canada,Medium,Masters,9.0,100.0,No,65.1,4.8,95895.0,6-10,9589.5,4.8
212,Green Building Architect,Finance,Brazil,Medium,Bachelors,25.0,50.0,Yes,52.0,7.35,73018.0,20+,2808.3846153846152,57.35
213,Green Building Architect,Agriculture,UK,Small,Bachelors,20.0,100.0,Yes,67.4,0.6,113566.0,11-20,5407.9047619047615,50.6
214,Environmental Compliance Officer,Agriculture,Brazil,Small,Bachelors,5.0,0.0,Yes,76.7,15.1,45633.0,3-5,7605.5,65.1
215,Green Building Architect,Government,USA,Large,Masters,18.0,100.0,No,57.7,6.0,163398.0,11-20,8599.894736842105,6.0
216,ESG Consultant,Agriculture,USA,Medium,Masters,7.0,0.0,Yes,95.5,7.35,119812.0,6-10,14976.5,57.35
217,Sustainability Analyst,Finance,Canada,Large,Bachelors,9.0,0.0,No,64.8,8.3,85445.0,6-10,8544.5,8.3
218,Sustainability Analyst,Finance,Australia,Small,Bachelors,6.0,100.0,No,65.4,15.1,88960.0,6-10,12708.57142857143,15.1
219,Environmental Compliance Officer,Manufacturing,Brazil,Medium,Masters,17.0,100.0,Yes,60.599999999999994,9.3,64429.0,11-20,3579.3888888888887,59.3
220,CSR Manager,Technology,UK,Small,Bachelors,6.0,0.0,No,68.4,12.3,94451.0,6-10,13493.0,12.3
221,Renewable Energy Engineer,Energy,Australia,Small,PhD,16.0,0.0,No,57.3,11.6,115767.0,11-20,6809.823529411765,11.6
222,Environmental Compliance Officer,Government,Canada,Small,Bachelors,15.0,0.0,No,47.8,11.1,101666.0,11-20,6354.125,11.1
223,Green Building Architect,Agriculture,Kenya,Small,Diploma,19.0,0.0,Yes,44.5,7.35,36306.0,11-20,1815.3,57.35
224,ESG Consultant,Energy,Australia,Large,Bachelors,25.0,0.0,No,100.0,6.8,146704.0,20+,5642.461538461538,6.8
225,Green Building Architect,Agriculture,UK,Medium,Bachelors,0.0,100.0,Yes,54.7,17.6,85352.0,0-2,85352.0,67.6
226,Carbon Accountant,Energy,Kenya,Medium,Bachelors,25.0,0.0,No,30.9,3.5,44808.0,20+,1723.3846153846155,3.5
227,Climate Data Scientist,Agriculture,USA,Medium,Bachelors,2.0,50.0,No,46.0,8.0,98353.0,0-2,32784.333333333336,8.0
228,Solar Installation Technician,Energy,Kenya,Medium,PhD,13.0,0.0,Yes,59.0,8.1,33842.0,11-20,2417.285714285714,58.1
229,Solar Installation Technician,Finance,Germany,Medium,Bachelors,8.0,0.0,Yes,70.9,10.0,93311.0,6-10,10367.888888888889,60.0
230,Renewable Energy Engineer,Technology,India,Small,Bachelors,16.0,50.0,No,71.1,5.9,43653.0,11-20,2567.823529411765,5.9
231,Environmental Compliance Officer,Agriculture,Brazil,Large,Bachelors,13.0,0.0,Yes,73.5,9.6,57501.0,11-20,4107.214285714285,59.6
232,Climate Data Scientist,Construction,Australia,Large,Diploma,22.0,50.0,Yes,47.1,7.2,126113.0,20+,5483.173913043478,57.2
233,Sustainability Analyst,Government,Kenya,Large,Bachelors,10.0,0.0,No,66.8,0.1,33614.0,6-10,3055.818181818182,0.1
234,Green Building Architect,Agriculture,Australia,Medium,Bachelors,24.0,100.0,Yes,42.5,8.0,125482.0,20+,5019.28,58.0
235,Environmental Compliance Officer,Manufacturing,Australia,Small,Masters,8.0,50.0,Yes,47.6,7.35,90603.0,6-10,10067.0,57.35
236,Green Building Architect,Technology,India,Large,Diploma,5.0,100.0,No,41.6,0.0,30951.0,3-5,5158.5,0.0
237,Wind Turbine Technician,Agriculture,USA,Medium,PhD,9.0,0.0,Yes,36.2,8.7,125016.0,6-10,12501.6,58.7
238,Environmental Compliance Officer,Construction,USA,Small,Bachelors,13.0,0.0,No,81.3,10.4,139003.0,11-20,9928.785714285714,10.4
239,Carbon Accountant,Agriculture,India,Medium,Masters,17.0,0.0,No,73.8,10.6,46359.0,11-20,2575.5,10.6
240,Wind Turbine Technician,Government,USA,Large,Bachelors,21.0,50.0,No,79.5,10.8,156497.0,20+,7113.5,10.8
241,Renewable Energy Engineer,Agriculture,Canada,Medium,Diploma,5.0,0.0,Yes,60.8,0.0,78297.0,3-5,13049.5,50.0
242,Solar Installation Technician,Agriculture,Brazil,Large,Masters,14.0,0.0,No,75.5,1.2,46879.0,11-20,3125.266666666667,1.2
243,Sustainability Analyst,Technology,Kenya,Large,Masters,24.0,0.0,Yes,24.8,17.9,41969.0,20+,1678.76,67.9
244,Wind Turbine Technician,Manufacturing,UK,Small,Masters,11.0,0.0,No,77.3,2.8,111249.0,11-20,9270.75,2.8
245,Wind Turbine Technician,Agriculture,Kenya,Large,Bachelors,6.0,0.0,Yes,63.5,11.1,30464.0,6-10,4352.0,61.1
246,Sustainability Analyst,Construction,Kenya,Medium,Masters,25.0,0.0,No,72.5,4.6,40985.0,20+,1576.3461538461538,4.6
247,Green Building Architect,Finance,Brazil,Medium,Masters,11.0,0.0,Yes,67.6,8.4,51479.0,11-20,4289.916666666667,58.4
248,Environmental Compliance Officer,Construction,UK,Small,Masters,25.0,50.0,Yes,40.3,4.8,145489.0,20+,5595.7307692307695,54.8
249,Green Building Architect,Construction,India,Large,Bachelors,23.0,0.0,No,30.0,10.8,47550.0,20+,1981.25,10.8
250,Sustainability Analyst,Manufacturing,Kenya,Small,Bachelors,23.0,0.0,Yes,45.8,8.7,39478.0,20+,1644.9166666666667,58.7
251,Renewable Energy Engineer,Government,Germany,Small,Masters,15.0,50.0,Yes,71.3,5.8,139025.0,11-20,8689.0625,55.8
252,Environmental Compliance Officer,Manufacturing,UK,Medium,PhD,20.0,50.0,No,73.8,2.7,133851.0,11-20,6373.857142857143,2.7
253,Renewable Energy Engineer,Energy,USA,Small,Bachelors,24.0,0.0,No,32.6,9.3,157583.0,20+,6303.32,9.3
254,Carbon Accountant,Government,Brazil,Small,Bachelors,6.0,50.0,Yes,40.4,1.9,45455.0,6-10,6493.571428571428,51.9
255,Wind Turbine Technician,Finance,Australia,Medium,Masters,0.0,100.0,No,45.5,8.149999999999999,76180.0,0-2,76180.0,8.149999999999999
256,Renewable Energy Engineer,Finance,USA,Medium,Bachelors,8.0,50.0,No,52.9,21.1,107357.0,6-10,11928.555555555555,21.1
257,Wind Turbine Technician,Agriculture,Germany,Large,Masters,16.0,100.0,No,32.8,14.8,136926.0,11-20,8054.470588235294,14.8
258,Renewable Energy Engineer,Construction,Canada,Medium,Bachelors,14.0,50.0,No,31.6,11.6,108792.0,11-20,7252.8,11.6
259,Renewable Energy Engineer,Energy,Canada,Large,Bachelors,14.0,0.0,No,43.6,7.6,82702.0,11-20,5513.466666666666,7.6
260,Solar Installation Technician,Agriculture,Brazil,Medium,Masters,14.0,0.0,No,61.7,0.0,59214.0,11-20,3947.6,0.0
261,Green Building Architect,Manufacturing,India,Medium,Diploma,4.0,50.0,No,36.4,1.4,27159.0,3-5,5431.8,1.4
262,Renewable Energy Engineer,Finance,Kenya,Medium,Bachelors,13.0,100.0,No,57.7,14.4,37166.0,11-20,2654.714285714286,14.4
263,ESG Consultant,Government,UK,Medium,Masters,14.0,0.0,Yes,81.2,4.1,111634.0,11-20,7442.266666666666,54.1
264,CSR Manager,Government,Brazil,Large,Masters,16.0,0.0,Yes,34.0,4.5,59499.0,11-20,3499.9411764705883,54.5
265,CSR Manager,Construction,Germany,Medium,Masters,10.0,50.0,Yes,55.9,7.2,97602.0,6-10,8872.90909090909,57.2
266,Solar Installation Technician,Agriculture,USA,Small,Bachelors,10.0,0.0,No,80.5,2.7,106099.0,6-10,9645.363636363636,2.7
267,Environmental Compliance Officer,Technology,USA,Medium,Diploma,17.0,50.0,No,51.6,1.9,138127.0,11-20,7673.722222222223,1.9
268,Carbon Accountant,Finance,India,Large,PhD,19.0,0.0,No,48.5,7.7,45186.0,11-20,2259.3,7.7
269,Wind Turbine Technician,Energy,Kenya,Small,Bachelors,21.0,50.0,No,83.3,8.149999999999999,37261.0,20+,1693.6818181818182,8.149999999999999
270,Solar Installation Technician,Construction,USA,Medium,Bachelors,8.0,100.0,No,53.9,4.3,117405.0,6-10,13045.0,4.3
271,ESG Consultant,Technology,India,Large,Bachelors,11.0,50.0,Yes,82.1,4.1,44389.0,11-20,3699.0833333333335,54.1
272,Sustainability Analyst,Government,USA,Large,Bachelors,8.0,50.0,No,68.6,10.6,127880.0,6-10,14208.888888888889,10.6
273,Renewable Energy Engineer,Energy,Kenya,Large,Masters,13.0,50.0,No,53.1,6.8,35220.0,11-20,2515.714285714286,6.8
274,CSR Manager,Agriculture,Australia,Medium,Masters,3.0,100.0,Yes,69.6,7.1,89106.0,3-5,22276.5,57.1
275,Environmental Compliance Officer,Agriculture,Brazil,Medium,Bachelors,11.0,100.0,No,66.4,11.0,56922.0,11-20,4743.5,11.0
276,Environmental Compliance Officer,Government,Australia,Medium,Bachelors,4.0,0.0,Yes,80.4,7.3,96999.0,3-5,19399.8,57.3
277,Environmental Compliance Officer,Construction,Australia,Large,Bachelors,13.0,50.0,No,49.0,6.6,106281.0,11-20,7591.5,6.6
278,Green Building Architect,Energy,Brazil,Medium,Bachelors,22.0,0.0,No,60.8,10.4,65396.0,20+,2843.304347826087,10.4
279,Sustainability Analyst,Manufacturing,USA,Large,Diploma,25.0,100.0,Yes,58.8,11.3,163553.0,20+,6290.5,61.3
280,Sustainability Analyst,Agriculture,Brazil,Medium,Bachelors,11.0,50.0,Yes,74.1,7.3,54678.0,11-20,4556.5,57.3
281,ESG Consultant,Government,Australia,Medium,Bachelors,1.0,0.0,Yes,39.5,8.4,76056.0,0-2,38028.0,58.4
282,Environmental Compliance Officer,Technology,Australia,Large,Diploma,5.0,0.0,Yes,80.3,4.1,90052.0,3-5,15008.666666666666,54.1
283,Wind Turbine Technician,Energy,UK,Medium,Bachelors,2.0,0.0,No,69.3,3.7,92394.0,0-2,30798.0,3.7
284,Environmental Compliance Officer,Energy,Brazil,Large,Masters,19.0,50.0,Yes,33.7,11.8,66166.0,11-20,3308.3,61.8
285,Environmental Compliance Officer,Finance,UK,Medium,Diploma,25.0,0.0,Yes,84.2,10.2,90744.0,20+,3490.153846153846,60.2
286,CSR Manager,Technology,USA,Medium,Bachelors,14.0,0.0,No,100.0,10.3,150949.0,11-20,10063.266666666666,10.3
287,Renewable Energy Engineer,Energy,Kenya,Medium,Bachelors,4.0,100.0,No,80.0,9.4,28728.0,3-5,5745.6,9.4
288,Solar Installation Technician,Technology,Germany,Medium,Masters,0.0,50.0,No,88.5,8.149999999999999,99312.0,0-2,99312.0,8.149999999999999
289,Solar Installation Technician,Finance,USA,Medium,Masters,25.0,0.0,No,61.7,11.5,171157.0,20+,6582.961538461538,11.5
290,Environmental Compliance Officer,Energy,Canada,Small,Bachelors,8.0,0.0,Yes,26.8,12.7,107774.0,6-10,11974.888888888889,62.7
291,Climate Data Scientist,Energy,Germany,Small,Masters,2.0,100.0,No,23.1,12.6,75000.0,0-2,25000.0,12.6
292,ESG Consultant,Finance,Brazil,Medium,Bachelors,4.0,50.0,Yes,65.1,7.5,41512.0,3-5,8302.4,57.5
293,CSR Manager,Agriculture,UK,Medium,Bachelors,6.0,50.0,No,48.2,8.149999999999999,92946.0,6-10,13278.0,8.149999999999999
294,Carbon Accountant,Agriculture,USA,Medium,Bachelors,17.0,0.0,No,41.7,9.1,140124.0,11-20,7784.666666666667,9.1
295,Solar Installation Technician,Finance,Kenya,Small,Bachelors,23.0,0.0,No,58.7,11.2,46041.0,20+,1918.375,11.2
296,Solar Installation Technician,Construction,Canada,Medium,Bachelors,7.0,0.0,No,72.3,9.4,87219.0,6-10,10902.375,9.4
297,Climate Data Scientist,Government,India,Small,Bachelors,17.0,50.0,No,30.9,8.149999999999999,43495.0,11-20,2416.3888888888887,8.149999999999999
298,Environmental Compliance Officer,Finance,Australia,Large,Masters,1.0,0.0,Yes,51.0,4.3,90744.0,0-2,45372.0,54.3
299,ESG Consultant,Construction,Canada,Large,Bachelors,0.0,0.0,No,90.2,11.5,83214.0,0-2,83214.0,11.5
300,Sustainability Analyst,Finance,USA,Small,Bachelors,1.0,50.0,No,60.4,22.2,82230.0,0-2,41115.0,22.2
301,Carbon Accountant,Energy,Brazil,Medium,Diploma,24.0,100.0,No,77.4,6.1,72207.0,20+,2888.28,6.1
302,Climate Data Scientist,Construction,UK,Small,Bachelors,15.0,50.0,No,50.3,8.4,119473.0,11-20,7467.0625,8.4
303,Sustainability Analyst,Finance,Australia,Small,Bachelors,20.0,0.0,Yes,70.9,5.8,130136.0,11-20,6196.952380952381,55.8
304,Climate Data Scientist,Government,Kenya,Small,Bachelors,0.0,0.0,No,81.9,5.6,25639.0,0-2,25639.0,5.6
305,Solar Installation Technician,Agriculture,Canada,Small,Bachelors,0.0,0.0,Yes,74.8,15.7,76159.0,0-2,76159.0,65.7
306,Renewable Energy Engineer,Agriculture,Australia,Medium,Masters,22.0,0.0,Yes,78.2,4.6,135643.0,20+,5897.521739130435,54.6
307,Carbon Accountant,Finance,India,Large,PhD,2.0,50.0,Yes,37.0,5.6,33154.0,0-2,11051.333333333334,55.6
308,Solar Installation Technician,Energy,Germany,Small,Bachelors,4.0,0.0,No,82.3,0.1,93222.0,3-5,18644.4,0.1
309,Carbon Accountant,Construction,UK,Medium,Masters,13.0,50.0,Yes,42.9,4.2,104123.0,11-20,7437.357142857143,54.2
310,Renewable Energy Engineer,Government,Brazil,Large,Masters,15.0,100.0,Yes,65.2,0.0,55953.0,11-20,3497.0625,50.0
311,Wind Turbine Technician,Energy,Canada,Large,PhD,5.0,100.0,Yes,65.2,11.2,88737.0,3-5,14789.5,61.2
312,Wind Turbine Technician,Government,India,Medium,Masters,11.0,0.0,No,60.4,8.149999999999999,39959.0,11-20,3329.9166666666665,8.149999999999999
313,Renewable Energy Engineer,Technology,Brazil,Small,Masters,17.0,0.0,No,66.7,6.2,60743.0,11-20,3374.6111111111113,6.2
314,ESG Consultant,Manufacturing,Brazil,Medium,Bachelors,11.0,0.0,Yes,43.1,0.0,54815.0,11-20,4567.916666666667,50.0
315,ESG Consultant,Agriculture,Kenya,Medium,Masters,9.0,0.0,Yes,33.0,12.5,32468.0,6-10,3246.8,62.5
316,Wind Turbine Technician,Agriculture,India,Large,Bachelors,1.0,0.0,No,77.4,4.4,28770.0,0-2,14385.0,4.4
317,Green Building Architect,Energy,Australia,Medium,Diploma,11.0,0.0,Yes,63.7,14.5,81890.0,11-20,6824.166666666667,64.5
318,Green Building Architect,Energy,Canada,Medium,Diploma,20.0,50.0,No,60.4,6.6,118759.0,11-20,5655.190476190476,6.6
319,CSR Manager,Technology,UK,Small,Bachelors,16.0,0.0,No,59.1,4.8,112081.0,11-20,6593.0,4.8
320,Green Building Architect,Government,UK,Medium,Bachelors,23.0,100.0,No,31.9,7.1,132355.0,20+,5514.791666666667,7.1
321,Carbon Accountant,Energy,USA,Large,Bachelors,3.0,0.0,Yes,79.3,11.8,90086.0,3-5,22521.5,61.8
322,Renewable Energy Engineer,Technology,India,Medium,Bachelors,0.0,0.0,No,52.6,6.9,25828.0,0-2,25828.0,6.9
323,Wind Turbine Technician,Energy,Canada,Medium,Bachelors,14.0,0.0,Yes,66.8,5.5,113088.0,11-20,7539.2,55.5
324,CSR Manager,Technology,Kenya,Large,Bachelors,4.0,0.0,No,47.1,7.0,24930.0,3-5,4986.0,7.0
325,CSR Manager,Technology,Brazil,Large,Diploma,15.0,0.0,No,92.9,1.6,62042.0,11-20,3877.625,1.6
326,ESG Consultant,Energy,Germany,Medium,Bachelors,23.0,100.0,No,42.5,10.0,146932.0,20+,6122.166666666667,10.0
327,ESG Consultant,Technology,Australia,Medium,Masters,8.0,0.0,No,53.3,0.0,96557.0,6-10,10728.555555555555,0.0
328,Sustainability Analyst,Government,USA,Medium,Masters,14.0,0.0,Yes,62.1,5.8,137804.0,11-20,9186.933333333332,55.8
329,Renewable Energy Engineer,Government,Australia,Medium,PhD,17.0,50.0,No,38.2,11.8,129468.0,11-20,7192.666666666667,11.8
330,Solar Installation Technician,Energy,India,Medium,Masters,3.0,0.0,No,66.6,9.5,31117.0,3-5,7779.25,9.5
331,Solar Installation Technician,Manufacturing,UK,Small,Masters,23.0,50.0,Yes,92.2,11.0,145278.0,20+,6053.25,61.0
332,Carbon Accountant,Manufacturing,Australia,Large,Bachelors,5.0,0.0,No,50.2,7.7,84917.0,3-5,14152.833333333334,7.7
333,Carbon Accountant,Finance,UK,Large,Bachelors,21.0,100.0,No,67.9,13.8,127251.0,20+,5784.136363636364,13.8
334,Climate Data Scientist,Manufacturing,Brazil,Large,Bachelors,13.0,0.0,No,5.0,12.6,53572.0,11-20,3826.5714285714284,12.6
335,Environmental Compliance Officer,Agriculture,Canada,Large,Masters,3.0,0.0,No,59.2,10.2,87108.0,3-5,21777.0,10.2
336,Climate Data Scientist,Agriculture,Kenya,Large,PhD,13.0,50.0,No,53.7,8.149999999999999,43117.0,11-20,3079.785714285714,8.149999999999999
337,CSR Manager,Agriculture,Australia,Large,Bachelors,5.0,100.0,No,43.6,11.8,87260.0,3-5,14543.333333333334,11.8
338,Carbon Accountant,Manufacturing,India,Large,Bachelors,15.0,0.0,Yes,81.6,7.35,39746.0,11-20,2484.125,57.35
339,ESG Consultant,Energy,Brazil,Medium,Bachelors,24.0,50.0,Yes,53.5,1.3,63648.0,20+,2545.92,51.3
340,CSR Manager,Government,UK,Medium,Bachelors,24.0,0.0,Yes,56.5,10.1,137442.0,20+,5497.68,60.1
341,Wind Turbine Technician,Construction,Canada,Small,Bachelors,22.0,0.0,No,52.5,10.7,134363.0,20+,5841.869565217391,10.7
342,ESG Consultant,Technology,Germany,Medium,Diploma,12.0,0.0,No,21.7,13.5,105934.0,11-20,8148.7692307692305,13.5
343,Wind Turbine Technician,Government,USA,Small,PhD,14.0,50.0,No,60.4,3.3,131517.0,11-20,8767.8,3.3
344,Solar Installation Technician,Energy,Canada,Small,Bachelors,7.0,0.0,Yes,79.2,3.5,96286.0,6-10,12035.75,53.5
345,CSR Manager,Energy,Germany,Medium,Masters,23.0,50.0,Yes,17.8,10.3,134894.0,20+,5620.583333333333,60.3
346,ESG Consultant,Energy,Kenya,Medium,Masters,12.0,0.0,No,44.7,7.6,33423.0,11-20,2571.0,7.6
347,CSR Manager,Manufacturing,Brazil,Small,Bachelors,20.0,100.0,Yes,52.0,0.0,91026.0,11-20,4334.571428571428,50.0
348,CSR Manager,Energy,Australia,Large,Bachelors,9.0,100.0,Yes,94.9,9.9,114223.0,6-10,11422.3,59.9
349,Renewable Energy Engineer,Agriculture,Australia,Large,Masters,14.0,0.0,No,75.4,0.0,113094.0,11-20,7539.6,0.0
350,Renewable Energy Engineer,Technology,Canada,Small,Bachelors,5.0,0.0,Yes,48.9,3.3,88048.0,3-5,14674.666666666666,53.3
351,Solar Installation Technician,Government,USA,Small,PhD,19.0,0.0,Yes,86.1,14.8,152814.0,11-20,7640.7,64.8
352,Sustainability Analyst,Agriculture,UK,Medium,Diploma,1.0,100.0,No,45.2,17.1,72503.0,0-2,36251.5,17.1
353,ESG Consultant,Government,UK,Large,Masters,2.0,0.0,No,80.2,1.9,100516.0,0-2,33505.333333333336,1.9
354,Environmental Compliance Officer,Manufacturing,Kenya,Large,Masters,9.0,50.0,Yes,32.8,6.4,30328.0,6-10,3032.8,56.4
355,CSR Manager,Construction,Germany,Small,Bachelors,12.0,0.0,No,81.5,8.2,108445.0,11-20,8341.923076923076,8.2
356,CSR Manager,Agriculture,UK,Large,Bachelors,18.0,50.0,No,51.9,16.9,120170.0,11-20,6324.736842105263,16.9
357,Renewable Energy Engineer,Manufacturing,India,Small,PhD,9.0,0.0,No,60.4,5.5,38084.0,6-10,3808.4,5.5
358,Climate Data Scientist,Energy,Germany,Medium,Bachelors,0.0,50.0,No,55.7,5.6,77088.0,0-2,77088.0,5.6
359,Sustainability Analyst,Technology,USA,Large,Bachelors,8.0,100.0,No,65.5,15.7,104282.0,6-10,11586.888888888889,15.7
360,Green Building Architect,Agriculture,India,Small,Bachelors,11.0,0.0,No,50.1,6.1,34887.0,11-20,2907.25,6.1
361,Climate Data Scientist,Government,USA,Small,Bachelors,14.0,100.0,No,71.1,11.6,141986.0,11-20,9465.733333333334,11.6
362,Climate Data Scientist,Government,USA,Medium,Masters,16.0,0.0,No,48.3,0.6,139678.0,11-20,8216.35294117647,0.6
363,ESG Consultant,Energy,India,Medium,Masters,11.0,0.0,Yes,72.4,7.1,36238.0,11-20,3019.8333333333335,57.1
364,Climate Data Scientist,Agriculture,Germany,Large,Bachelors,15.0,100.0,Yes,68.8,0.0,119471.0,11-20,7466.9375,50.0
365,Renewable Energy Engineer,Agriculture,Canada,Large,Masters,16.0,0.0,No,58.8,2.7,110774.0,11-20,6516.117647058823,2.7
366,Solar Installation Technician,Technology,USA,Small,Bachelors,20.0,50.0,Yes,60.599999999999994,12.2,159132.0,11-20,7577.714285714285,62.2
367,Environmental Compliance Officer,Agriculture,India,Small,Diploma,13.0,0.0,No,63.0,7.8,37992.0,11-20,2713.714285714286,7.8
368,Carbon Accountant,Agriculture,UK,Large,Bachelors,21.0,0.0,No,71.0,6.4,127886.0,20+,5813.0,6.4
369,Sustainability Analyst,Finance,Kenya,Small,PhD,5.0,0.0,No,100.0,4.3,34222.0,3-5,5703.666666666667,4.3
370,Green Building Architect,Energy,Australia,Large,Diploma,18.0,50.0,Yes,78.8,6.9,117339.0,11-20,6175.736842105263,56.9
371,Carbon Accountant,Finance,Kenya,Medium,Bachelors,1.0,0.0,No,79.5,9.5,24910.0,0-2,12455.0,9.5
372,Wind Turbine Technician,Manufacturing,India,Small,Bachelors,2.0,0.0,No,100.0,12.9,31465.0,0-2,10488.333333333334,12.9
373,Environmental Compliance Officer,Energy,UK,Large,Masters,22.0,0.0,Yes,70.3,0.0,136441.0,20+,5932.217391304348,50.0
374,Carbon Accountant,Energy,UK,Small,Diploma,12.0,0.0,Yes,69.7,3.8,105899.0,11-20,8146.076923076923,53.8
375,Climate Data Scientist,Technology,Kenya,Medium,Bachelors,16.0,0.0,Yes,74.1,8.8,41875.0,11-20,2463.235294117647,58.8
376,Sustainability Analyst,Finance,Kenya,Medium,Masters,15.0,0.0,Yes,39.8,7.5,37028.0,11-20,2314.25,57.5
377,Green Building Architect,Finance,Kenya,Medium,Bachelors,18.0,100.0,Yes,51.1,10.0,33062.0,11-20,1740.1052631578948,60.0
378,Green Building Architect,Agriculture,Brazil,Medium,Bachelors,6.0,50.0,No,49.9,9.3,46280.0,6-10,6611.428571428572,9.3
379,Carbon Accountant,Finance,Canada,Medium,Bachelors,4.0,0.0,No,73.0,6.5,84827.0,3-5,16965.4,6.5
380,ESG Consultant,Technology,Canada,Large,Bachelors,1.0,50.0,Yes,56.5,5.4,77113.0,0-2,38556.5,55.4
381,Sustainability Analyst,Energy,Kenya,Large,Bachelors,22.0,0.0,Yes,62.8,6.8,42564.0,20+,1850.608695652174,56.8
382,CSR Manager,Agriculture,India,Medium,Masters,5.0,0.0,Yes,81.7,13.7,34653.0,3-5,5775.5,63.7
383,CSR Manager,Finance,India,Small,Masters,14.0,0.0,No,77.3,4.3,41984.0,11-20,2798.9333333333334,4.3
384,ESG Consultant,Manufacturing,Kenya,Large,Masters,11.0,0.0,Yes,56.8,7.7,35663.0,11-20,2971.9166666666665,57.7
385,Sustainability Analyst,Agriculture,UK,Large,PhD,4.0,0.0,No,46.6,8.9,89473.0,3-5,17894.6,8.9
386,Renewable Energy Engineer,Agriculture,Germany,Medium,Bachelors,10.0,0.0,Yes,82.7,15.8,102624.0,6-10,9329.454545454546,65.8
387,Sustainability Analyst,Energy,Canada,Medium,Bachelors,2.0,100.0,Yes,75.5,6.5,99333.0,0-2,33111.0,56.5
388,Climate Data Scientist,Manufacturing,India,Medium,PhD,4.0,0.0,No,27.9,12.8,30741.0,3-5,6148.2,12.8
389,Climate Data Scientist,Energy,Kenya,Small,Bachelors,3.0,50.0,Yes,53.7,14.2,26546.0,3-5,6636.5,64.2
390,Renewable Energy Engineer,Manufacturing,Kenya,Medium,Masters,21.0,0.0,Yes,63.3,7.7,38788.0,20+,1763.090909090909,57.7
391,Green Building Architect,Energy,India,Medium,Masters,14.0,50.0,Yes,75.6,6.9,42628.0,11-20,2841.866666666667,56.9
392,Renewable Energy Engineer,Technology,Canada,Large,Diploma,24.0,50.0,No,78.2,6.4,124461.0,20+,4978.44,6.4
393,Carbon Accountant,Finance,Kenya,Large,Bachelors,11.0,0.0,No,65.7,6.7,32770.0,11-20,2730.8333333333335,6.7
394,Solar Installation Technician,Government,Australia,Large,Bachelors,5.0,0.0,No,71.7,12.3,99082.0,3-5,16513.666666666668,12.3
395,Green Building Architect,Agriculture,Germany,Medium,Bachelors,15.0,50.0,No,61.3,8.149999999999999,122116.0,11-20,7632.25,8.149999999999999
396,Climate Data Scientist,Technology,Canada,Medium,Bachelors,24.0,100.0,Yes,46.5,9.2,131030.0,20+,5241.2,59.2
397,Sustainability Analyst,Finance,Canada,Large,Bachelors,13.0,0.0,No,54.8,2.4,93186.0,11-20,6656.142857142857,2.4
398,Renewable Energy Engineer,Energy,Australia,Large,Masters,0.0,0.0,Yes,60.4,3.2,94016.0,0-2,94016.0,53.2
399,ESG Consultant,Energy,USA,Medium,PhD,7.0,0.0,No,59.3,18.7,109674.0,6-10,13709.25,18.7
400,Carbon Accountant,Technology,India,Large,Masters,24.0,50.0,No,22.3,7.1,52739.0,20+,2109.56,7.1
401,CSR Manager,Energy,Brazil,Small,Bachelors,13.0,50.0,Yes,52.1,4.1,56750.0,11-20,4053.5714285714284,54.1
402,Green Building Architect,Energy,Germany,Large,Bachelors,24.0,50.0,No,61.1,15.2,81890.0,20+,3275.6,15.2
403,Carbon Accountant,Manufacturing,India,Small,Bachelors,13.0,50.0,Yes,54.4,9.4,36879.0,11-20,2634.214285714286,59.4
404,CSR Manager,Government,India,Small,Diploma,0.0,100.0,No,55.1,10.9,26989.0,0-2,26989.0,10.9
405,Environmental Compliance Officer,Finance,Germany,Medium,PhD,22.0,100.0,Yes,69.8,7.35,141393.0,20+,6147.521739130435,57.35
406,Solar Installation Technician,Technology,Germany,Small,Bachelors,19.0,0.0,No,38.4,6.4,125100.0,11-20,6255.0,6.4
407,Environmental Compliance Officer,Construction,India,Small,Bachelors,18.0,50.0,No,27.4,7.2,41436.0,11-20,2180.842105263158,7.2
408,Renewable Energy Engineer,Manufacturing,Brazil,Small,Masters,25.0,0.0,Yes,53.0,1.1,62881.0,20+,2418.5,51.1
409,CSR Manager,Construction,USA,Medium,Bachelors,5.0,0.0,No,75.3,7.6,116697.0,3-5,19449.5,7.6
410,Sustainability Analyst,Energy,India,Large,Diploma,23.0,100.0,No,93.8,9.5,49328.0,20+,2055.3333333333335,9.5
411,Renewable Energy Engineer,Agriculture,USA,Small,Bachelors,6.0,50.0,No,60.4,17.3,106032.0,6-10,15147.42857142857,17.3
412,ESG Consultant,Manufacturing,Canada,Medium,Masters,25.0,100.0,Yes,30.6,8.4,127376.0,20+,4899.076923076923,58.4
413,ESG Consultant,Construction,India,Large,Masters,11.0,0.0,No,55.4,8.149999999999999,33920.0,11-20,2826.6666666666665,8.149999999999999
414,Renewable Energy Engineer,Government,Brazil,Small,Bachelors,14.0,50.0,No,65.1,7.5,52497.0,11-20,3499.8,7.5
415,Sustainability Analyst,Technology,Canada,Small,PhD,20.0,0.0,No,63.6,21.7,111616.0,11-20,5315.047619047619,21.7
416,Wind Turbine Technician,Finance,Brazil,Large,Masters,2.0,0.0,Yes,70.8,12.3,45396.0,0-2,15132.0,62.3
417,CSR Manager,Finance,Australia,Large,Masters,1.0,0.0,Yes,41.7,3.9,85270.0,0-2,42635.0,53.9
418,Renewable Energy Engineer,Agriculture,UK,Medium,Bachelors,22.0,50.0,No,61.3,11.0,129314.0,20+,5622.347826086957,11.0
419,ESG Consultant,Manufacturing,Brazil,Large,Diploma,1.0,0.0,Yes,68.4,4.3,36009.0,0-2,18004.5,54.3
420,Solar Installation Technician,Technology,UK,Small,Masters,15.0,100.0,No,76.5,1.2,118705.0,11-20,7419.0625,1.2
421,CSR Manager,Government,Kenya,Medium,Bachelors,24.0,0.0,No,43.9,6.3,39298.0,20+,1571.92,6.3
422,Wind Turbine Technician,Technology,Kenya,Large,Masters,15.0,0.0,Yes,53.1,8.5,35143.0,11-20,2196.4375,58.5
423,Green Building Architect,Finance,Canada,Small,Masters,12.0,50.0,Yes,60.599999999999994,0.0,92194.0,11-20,7091.846153846154,50.0
424,Solar Installation Technician,Manufacturing,Australia,Large,Diploma,10.0,0.0,No,47.6,2.3,104198.0,6-10,9472.545454545454,2.3
425,Environmental Compliance Officer,Manufacturing,India,Medium,Bachelors,16.0,100.0,Yes,49.5,8.1,41986.0,11-20,2469.764705882353,58.1
426,Renewable Energy Engineer,Government,Brazil,Large,PhD,14.0,50.0,No,39.6,6.0,56686.0,11-20,3779.0666666666666,6.0
427,Climate Data Scientist,Finance,Australia,Medium,Masters,13.0,0.0,No,63.3,10.0,125317.0,11-20,8951.214285714286,10.0
428,Climate Data Scientist,Construction,Kenya,Medium,Bachelors,3.0,50.0,No,58.9,1.9,27574.0,3-5,6893.5,1.9
429,Sustainability Analyst,Construction,India,Small,Masters,17.0,50.0,Yes,14.8,11.6,42564.0,11-20,2364.6666666666665,61.6
430,Green Building Architect,Technology,Brazil,Small,Bachelors,19.0,50.0,No,64.3,2.1,60224.0,11-20,3011.2,2.1
431,Sustainability Analyst,Finance,UK,Large,Masters,18.0,100.0,No,41.4,16.2,119009.0,11-20,6263.631578947368,16.2
432,Green Building Architect,Technology,Germany,Small,Masters,1.0,50.0,Yes,69.7,0.0,72042.0,0-2,36021.0,50.0
433,Climate Data Scientist,Manufacturing,Germany,Small,Masters,18.0,50.0,No,34.4,2.5,131952.0,11-20,6944.8421052631575,2.5
434,Renewable Energy Engineer,Technology,Canada,Small,Bachelors,18.0,0.0,No,60.6,10.1,117350.0,11-20,6176.315789473684,10.1
435,Environmental Compliance Officer,Finance,India,Small,Diploma,4.0,50.0,No,54.3,16.3,29676.0,3-5,5935.2,16.3
436,Renewable Energy Engineer,Government,USA,Large,Bachelors,22.0,100.0,No,60.4,9.6,155621.0,20+,6766.130434782609,9.6
437,Solar Installation Technician,Manufacturing,UK,Medium,Bachelors,13.0,50.0,Yes,62.5,10.8,102561.0,11-20,7325.785714285715,60.8
438,CSR Manager,Manufacturing,Australia,Large,Bachelors,12.0,50.0,Yes,54.9,8.1,96646.0,11-20,7434.307692307692,58.1
439,Sustainability Analyst,Finance,India,Small,Bachelors,18.0,0.0,Yes,29.3,2.9,40711.0,11-20,2142.684210526316,52.9
440,Carbon Accountant,Finance,Kenya,Medium,Bachelors,13.0,50.0,Yes,30.5,5.5,30955.0,11-20,2211.0714285714284,55.5
441,CSR Manager,Technology,Brazil,Medium,Masters,14.0,100.0,No,48.3,1.9,62274.0,11-20,4151.6,1.9
442,Carbon Accountant,Construction,Canada,Medium,PhD,8.0,0.0,Yes,60.599999999999994,1.6,103981.0,6-10,11553.444444444445,51.6
443,Renewable Energy Engineer,Government,Kenya,Large,Bachelors,24.0,0.0,No,47.8,10.0,38332.0,20+,1533.28,10.0
444,Environmental Compliance Officer,Finance,UK,Large,Masters,13.0,50.0,Yes,72.5,2.4,133999.0,11-20,9571.357142857143,52.4
445,Solar Installation Technician,Energy,Germany,Large,Masters,3.0,0.0,Yes,54.4,9.6,91464.0,3-5,22866.0,59.6
446,Wind Turbine Technician,Energy,USA,Small,Bachelors,19.0,50.0,No,60.4,1.5,137864.0,11-20,6893.2,1.5
447,Carbon Accountant,Government,Kenya,Small,Bachelors,0.0,0.0,Yes,54.4,9.5,21274.0,0-2,21274.0,59.5
448,CSR Manager,Energy,Kenya,Medium,Masters,9.0,0.0,No,64.5,5.6,36823.0,6-10,3682.3,5.6
449,Solar Installation Technician,Government,Australia,Small,PhD,25.0,50.0,No,66.5,15.0,146361.0,20+,5629.2692307692305,15.0
450,ESG Consultant,Manufacturing,USA,Large,Masters,4.0,50.0,No,97.6,9.6,117729.0,3-5,23545.8,9.6
451,CSR Manager,Energy,India,Medium,PhD,9.0,50.0,Yes,46.6,14.2,36096.0,6-10,3609.6,64.2
452,CSR Manager,Construction,USA,Medium,PhD,5.0,50.0,No,58.5,4.2,118760.0,3-5,19793.333333333332,4.2
453,Environmental Compliance Officer,Technology,USA,Large,Bachelors,18.0,50.0,Yes,68.5,8.3,142659.0,11-20,7508.368421052632,58.3
454,Sustainability Analyst,Construction,Germany,Large,Masters,12.0,50.0,No,59.5,3.1,113896.0,11-20,8761.23076923077,3.1
455,Solar Installation Technician,Agriculture,Canada,Small,Bachelors,15.0,50.0,No,50.0,5.9,110109.0,11-20,6881.8125,5.9
456,Solar Installation Technician,Technology,USA,Small,PhD,24.0,0.0,Yes,29.0,6.7,149118.0,20+,5964.72,56.7
457,Renewable Energy Engineer,Construction,Kenya,Medium,Diploma,13.0,50.0,Yes,49.8,4.4,36718.0,11-20,2622.714285714286,54.4
458,Wind Turbine Technician,Technology,UK,Medium,Bachelors,19.0,0.0,Yes,38.5,1.9,121566.0,11-20,6078.3,51.9
459,Climate Data Scientist,Government,India,Small,Masters,2.0,0.0,Yes,25.5,0.9,32138.0,0-2,10712.666666666666,50.9
460,Renewable Energy Engineer,Construction,Canada,Medium,Bachelors,5.0,50.0,No,44.1,0.0,76481.0,3-5,12746.833333333334,0.0
461,Green Building Architect,Manufacturing,Brazil,Large,Masters,24.0,100.0,No,60.4,2.7,65534.0,20+,2621.36,2.7
462,Renewable Energy Engineer,Construction,India,Large,Bachelors,22.0,0.0,No,60.4,8.149999999999999,45693.0,20+,1986.6521739130435,8.149999999999999
463,Green Building Architect,Agriculture,USA,Medium,PhD,17.0,0.0,Yes,72.0,0.0,151504.0,11-20,8416.888888888889,50.0
464,Environmental Compliance Officer,Manufacturing,USA,Medium,Masters,9.0,50.0,No,41.9,1.2,118591.0,6-10,11859.1,1.2
465,Sustainability Analyst,Government,Brazil,Small,Bachelors,5.0,0.0,Yes,54.8,17.0,42344.0,3-5,7057.333333333333,67.0
466,CSR Manager,Technology,USA,Medium,Masters,22.0,50.0,No,22.8,4.8,91026.0,20+,3957.6521739130435,4.8
467,Renewable Energy Engineer,Technology,Australia,Medium,Bachelors,20.0,100.0,Yes,50.1,9.6,115954.0,11-20,5521.619047619048,59.6
468,Solar Installation Technician,Construction,UK,Medium,Masters,6.0,50.0,Yes,68.0,11.2,95776.0,6-10,13682.285714285714,61.2
469,Renewable Energy Engineer,Government,Brazil,Medium,Masters,15.0,50.0,No,76.5,11.3,57963.0,11-20,3622.6875,11.3
470,CSR Manager,Energy,USA,Small,Masters,16.0,0.0,Yes,45.7,0.4,132301.0,11-20,7782.411764705882,50.4
471,Green Building Architect,Construction,Kenya,Small,Diploma,12.0,0.0,No,81.0,6.8,36873.0,11-20,2836.3846153846152,6.8
472,Climate Data Scientist,Construction,Australia,Small,Bachelors,24.0,100.0,No,29.7,8.149999999999999,129877.0,20+,5195.08,8.149999999999999
473,Environmental Compliance Officer,Finance,UK,Large,Masters,3.0,50.0,Yes,35.0,20.2,94182.0,3-5,23545.5,70.2
474,Environmental Compliance Officer,Finance,Germany,Medium,Bachelors,6.0,50.0,No,74.2,0.0,94190.0,6-10,13455.714285714286,0.0
475,Wind Turbine Technician,Manufacturing,Kenya,Small,Bachelors,2.0,0.0,No,93.4,2.8,27747.0,0-2,9249.0,2.8
476,Green Building Architect,Manufacturing,India,Large,Diploma,18.0,0.0,No,69.9,2.8,43842.0,11-20,2307.4736842105262,2.8
477,Climate Data Scientist,Energy,UK,Medium,Bachelors,16.0,0.0,No,59.2,0.5,104630.0,11-20,6154.705882352941,0.5
478,Sustainability Analyst,Technology,UK,Medium,Masters,25.0,0.0,No,16.1,14.8,144652.0,20+,5563.538461538462,14.8
479,Wind Turbine Technician,Construction,Germany,Large,Diploma,14.0,0.0,No,60.4,20.1,108435.0,11-20,7229.0,20.1
480,Renewable Energy Engineer,Finance,UK,Small,Bachelors,3.0,100.0,No,62.6,8.149999999999999,88870.0,3-5,22217.5,8.149999999999999
481,ESG Consultant,Technology,Germany,Small,PhD,11.0,50.0,No,52.8,1.4,108357.0,11-20,9029.75,1.4
482,Climate Data Scientist,Technology,USA,Medium,Bachelors,13.0,50.0,Yes,37.9,0.0,89322.0,11-20,6380.142857142857,50.0
483,ESG Consultant,Finance,India,Small,Masters,17.0,0.0,Yes,61.3,6.8,41902.0,11-20,2327.8888888888887,56.8
484,Green Building Architect,Technology,USA,Medium,Bachelors,17.0,0.0,No,62.3,6.4,149880.0,11-20,8326.666666666666,6.4
485,Environmental Compliance Officer,Technology,UK,Small,Masters,22.0,100.0,Yes,78.9,4.7,137430.0,20+,5975.217391304348,54.7
486,ESG Consultant,Technology,Brazil,Small,Masters,11.0,0.0,Yes,60.599999999999994,9.1,50889.0,11-20,4240.75,59.1
487,Carbon Accountant,Technology,Germany,Small,Masters,8.0,50.0,Yes,84.6,7.35,116266.0,6-10,12918.444444444445,57.35
488,Solar Installation Technician,Construction,USA,Medium,Bachelors,1.0,100.0,No,60.4,9.6,103171.0,0-2,51585.5,9.6
489,Green Building Architect,Manufacturing,USA,Small,Bachelors,10.0,0.0,Yes,57.7,6.4,124431.0,6-10,11311.90909090909,56.4
490,Wind Turbine Technician,Agriculture,Canada,Small,Masters,12.0,50.0,No,81.3,2.5,97467.0,11-20,7497.461538461538,2.5
491,CSR Manager,Construction,India,Large,Bachelors,19.0,100.0,No,60.4,11.3,42670.0,11-20,2133.5,11.3
492,Climate Data Scientist,Finance,UK,Medium,Bachelors,19.0,0.0,No,100.0,8.1,121854.0,11-20,6092.7,8.1
493,Green Building Architect,Manufacturing,USA,Medium,Diploma,3.0,50.0,Yes,67.5,12.4,103760.0,3-5,25940.0,62.4
494,Wind Turbine Technician,Finance,India,Small,PhD,7.0,100.0,No,67.6,12.0,37094.0,6-10,4636.75,12.0
495,ESG Consultant,Finance,UK,Medium,Masters,13.0,100.0,No,70.5,0.9,104189.0,11-20,7442.071428571428,0.9
496,Environmental Compliance Officer,Technology,UK,Small,Masters,8.0,50.0,No,97.5,0.8,102704.0,6-10,11411.555555555555,0.8
497,Renewable Energy Engineer,Finance,Canada,Medium,Masters,0.0,50.0,No,75.9,4.2,69450.0,0-2,69450.0,4.2
498,Carbon Accountant,Construction,Brazil,Small,Bachelors,21.0,0.0,Yes,60.599999999999994,2.7,61286.0,20+,2785.7272727272725,52.7
499,CSR Manager,Government,UK,Large,Bachelors,19.0,100.0,No,88.1,11.8,117304.0,11-20,5865.2,11.8
500,Environmental Compliance Officer,Finance,Brazil,Large,Bachelors,13.0,0.0,Yes,53.2,9.8,56296.0,11-20,4021.1428571428573,59.8
